product_id	product_type_name	product_name	encoded_product_id
131068	Koffieapparaten Espresso Volautomatisch	DeLonghi ECAM22.110B Magnifica	595
131069	Koffieapparaten Espresso Volautomatisch	DeLonghi ECAM22.110SB MagnificaS	348
223987	Wekkers	Philips Wake-up Light HF3510/01	249
226790	Staafmixers	Bosch MSM67170 ErgoMixx Staafmixer	999
226861	Scheerapparaten	Braun Series 5 5030s	893
233180	Kabel converters	Apple Lightning Digital AV Adapter	655
234250	Kruimeldieven	Philips FC6149/01	470
296946	Soundbars	SONOS PLAYBAR	695
331576	Mobiele telefoons	Fysic Big Button Comfort FM-7500 Zwart	781
338654	powerline adapters	TP-Link TL-PA4010P Starter Kit	977
360908	Harde schijven extern	WD Elements Portable 1 TB	558
360926	Harde schijven extern	WD Elements Portable 2 TB	301
367153	Magnetrons	Sharp R-931 INW	589
367334	Magnetrons	Sharp R-961 INW	849
367896	Vaste telefoons	Panasonic KX-TG6823	921
377733	Prullenbakken	Hailo Tandem de Luxe 2x15 liter	870
382968	Koffieapparaten Cups & Pads	Krups Dolce Gusto Genio 2 Zwart KP1608	500
382976	Koffieapparaten Cups & Pads	Krups Dolce Gusto Genio 2 Titan KP160T	825
388261	powerline adapters	TP-Link TL-WPA4220TKIT Network Kit	862
394007	Koelkasten	Samsung RB29FERNCSA/EF	430
432426	Koffieapparaten Cups & Pads	Magimix Nespresso Inissia Zwart M105	584
440048	Home cinema sets	Sony BDV-N7200W	631
450254	Magnetrons	Samsung MC28H5015AW/EF	292
450265	Magnetrons	Samsung MC28H5015AK/EF	168
467628	Koelkasten	Siemens KI81RAD30	915
473038	Audiostreamers	Logitech Bluetooth Audio Adapter	796
480045	Vaste telefoons	Gigaset AL220A Duo Zwart	922
507807	Stofzuigers	Philips FC8723/09 Performer Expert	650
515409	Afkortzagen	Metabo KGS 216 M Afkortzaag	793
517548	Afkortzagen	Metabo KGS 254 M Afkortzaag	829
536575	Slowcookers	Crock-Pot Slowcooker 4,7 L	128
543598	Koffieapparaten Espresso Volautomatisch	DeLonghi ECAM20.110.B Magnifica	46
558886	Magnetrons	Inventum MN325CS	719
561421	Magnetrons	Samsung MS28J5215AB/EN	661
567701	Strijkijzers	Philips GC9640/60 PerfectCare Elite Silence	453
569354	Magnetrons	Inventum MN207S	194
571018	Wasmachines	Bosch WNAT323471NL	116
572677	Digitale camera's compact	Nikon Coolpix P900	964
572770	Wasmachines	Samsung WW80J6400CW EcoBubble	164
579958	Wasmachines	Siemens WMN16T3471	475
583338	Routers	TP-Link M7350	562
583989	Bodygrooms	Remington BHT250 Delicates & Body Hair Trimmer	877
584161	Magnetrons	Sharp R242INW	552
586374	Kabel converters	Apple USB-C naar USB Adapter	418
590114	Deurbellen	Ring Video Doorbell Grijs	416
604602	Koffieapparaten Espresso Volautomatisch	Krups EA8150 koffiezetapparaat	138
605188	Koffieapparaten Espresso Halfautomatisch	Solis Grind & Infuse Pro 115	294
608819	Harde schijven extern	Seagate Expansion Portable 1 TB	379
608826	Harde schijven extern	Seagate Expansion Portable 2 TB	742
611902	Wifi-repeaters	TP-Link RE450	233
613739	Wasdrogers	Siemens WT44E177NL iQ300 iSensoric	875
613881	Rookmelders	Nest Protect V2 (Netstroom)	396
613910	Rookmelders	Nest Protect V2 (Batterij)	41
613920	IP-camera's	Nest Cam Indoor	399
614870	Racesturen	Logitech G29 Driving Force	110
615041	Racesturen	Logitech G920 Driving Force	451
615747	Koffieapparaten Espresso Volautomatisch	Jura E60 Piano Black	152
617238	Wasdrogers	Bosch WTE84105NL	288
620867	Rugzakken	The North Face Borealis Classic TNF Black/Asphalt Grey	283
623480	Kookplaten	Bosch PKF645B17E	557
624459	Speakers Bluetooth	JBL Xtreme Zwart	865
632657	Deurbellen	Ring Video Doorbell Brons	401
644460	Scheerapparaten	Philips Series 5000 Aquatouch S5420/06 	575
648317	Mobiele telefoons	Apple iPhone 6s 32 GB Space Gray	177
650303	Monitoren	Philips 223V5LHSB2/00	823
650764	Mediaspelers	Apple TV HD - 32 GB	672
652141	Boormachines	Makita DF457DWE Accuboormachine	802
652783	Mediaspelers	Google Chromecast 3 Zwart	9
653880	Smart lampen	Philips HUE Lightstrip Plus 2 Meter NIEUW	499
653900	bridges	Philips HUE Bridge NIEUW	587
662019	Scheerapparaten	Philips Series 9000 S9711/31	990
665664	Printers	Canon PIXMA MG5750	48
667905	Muizen	Apple Magic Mouse 2	623
671521	Ovens	Siemens CM676GBS1	851
671720	Thermostaten	Nest Learning Thermostat (3e generatie)	32
671853	Wasmachines	Bosch WAW32642NL i-DOS	506
673324	Styli	Apple Pencil	524
675872	Kookplaten	Bosch PIE611BB1E	713
677682	slimme horloges	Garmin Forerunner 235 HRM Zwart/Grijs	191
677688	slimme horloges	Garmin Forerunner 235 HRM Zwart/Marsala rood	955
685135	Kookplaten	Siemens EH645BFB1E	860
686235	Koelkasten	Samsung RB37J5018SA	431
687707	Wasdrogers	Bosch WTG86400NL	304
688841	Robotstofzuigers	iRobot Roomba 605	685
691988	Vriezers	Liebherr GP 1486-20	604
692264	Rookmelders	Smartwares FSSCO-15 Brandbeveiligingsset	908
692615	Consoles	Nintendo Switch Grijs	126
693246	Wasmachines	Bosch WAN28242NL	226
699358	Harde schijven extern	Seagate Expansion Portable 4 TB	747
700611	Gaming stoelen	PlaySeat Evolution Alcantara	653
702845	Hometrainers	Tunturi Cardio Fit B30 Bike	536
704912	Magnetrons	Samsung MC32K7055CK/EN	428
705851	Koelkasten	Samsung RS68N8941SL Family Hub	920
707852	Personenweegschalen	Medisana BS 444	715
708657	Access points	Ubiquiti UniFi AP-AC-LITE	947
708658	Access points	Ubiquiti UniFi AP-AC-LR	965
708659	Access points	Ubiquiti UniFi AP-AC-PRO	234
709164	Monitoren	Samsung LC32F391FWU	662
711560	Koffieapparaten Espresso Volautomatisch	DeLonghi ECAM650.75.MS	674
712014	Oordopjes	Bose SoundSport wireless headphones Zwart	795
713062	Mobiele telefoons	Apple iPhone 7 32 GB Zwart	94
713096	Consoles	Sony PlayStation 4 Pro 1 TB	727
715549	Kookplaten	Siemens EH975LVC1E	803
716400	Stofzuigers	Rowenta Compact Power Cyclonic RO3731	987
720969	Monitoren	Samsung LC24F396FHU	463
722149	Bladblazers	Eurom Gardencleaner 3000	758
722237	Monitoren	Samsung LU28E570DS/EN	579
722566	Contactgrills	Nova Multi Grill 4-in-1	616
723190	Printers	HP OfficeJet Pro 6970 e-All-in-One (T0F33A)	127
723206	Printers	HP OfficeJet Pro 8725 e-All-in-One (K7S35A)	767
725880	Wekkers	Philips Wake-Up Light HF3506/05 Zilver	298
727699	IP-camera's	Nest Cam Outdoor NC2100FD	390
727994	Luchtontvochtigers	Eurom Dry Best 10	934
728001	Luchtontvochtigers	Eurom Dry Best 20 Luchtontvochtiger	953
729271	Wasdrogers	Siemens WT46G4G0NL	866
731608	Magnetrons	Inventum MN203S	117
732057	Rookmelders	Nest Protect V2 Batterij (3 Stuks)	471
732976	Bloeddrukmeters	Omron M7 Intelli IT	634
733030	Kookplaten	Bosch PXV875DC1E	679
733112	Scheerapparaten	Braun Series 9 9291CC	590
733904	Mobiele telefoons	Apple iPhone 7 32 GB Zilver	993
733933	Mobiele telefoons	Apple iPhone 7 128 GB Zwart	381
734127	Mobiele telefoons	Apple iPhone 7 Plus 32 GB Zwart	894
734155	Hoofdtelefoons	JBL E45BT Zwart	707
734699	Deurbellen	Ring Pro	638
735246	Wasmachines	AEG L8FB86ES	332
735720	Koelkasten	Inventum CKV500	728
735725	Koelkasten	Inventum CKK500	570
735819	Vriezers	Inventum CVR500	496
735837	slimme horloges	Garmin Forerunner 35 Black	630
736170	Muizen	Logitech M330 Silent Draadloze Muis Zwart	460
736473	slimme horloges	Samsung Gear S3 Frontier	67
737659	Wasdrogers	AEG T8DE84EW	37
737956	Consoles	Sony PlayStation 4 Slim 500 GB	308
738620	Oordopjes	Apple AirPods	724
738695	Rookmelders	Alecto SA-66 (6 Stuks)	534
739132	Wasmachines	AEG L7FBE86W (BE)	725
740283	Kabel converters	Apple Lightning naar 3,5 mm Jack Adapter	597
741431	laptops	Acer Chromebook R13 CB5-312T-K7SP	817
741532	Friteuses	Philips Airfryer XL HD9247/90 Deep Black	613
742030	Koelkasten	LG GSJ361DIDV	564
742031	Koelkasten	LG GSL360ICEV	331
742297	Monitoren	Samsung LS24F352FHUXEN	696
742298	Robotstofzuigers	iRobot Roomba 960	122
742381	Powerbanks	Trust Urban Powerbank 20000	509
743204	Mediaspelers	Google Chromecast Ultra	49
744918	Hoofdtelefoons	Beats Solo3 Wireless Wit	809
744922	Hoofdtelefoons	Beats Solo3 Wireless Rose Goud	445
744926	Hoofdtelefoons	Beats Solo3 Wireless Matzwart	56
745009	Thermostaten	Honeywell Lyric T6	287
745337	Printers	HP OfficeJet Pro 7740 All-in-One (G5J38A)	402
747874	Scheerapparaten	Philips OneBlade QP2520/30	265
749218	Soundbars	Harman Kardon SB20	676
749709	Vaatwassers	Whirlpool WIC 3C22 P	766
751652	Personenweegschalen	Medisana BS 436 Connect	811
753816	elektrische kachels	Mill SG2000MEC	808
753923	elektrische kachels	Mill SG2000LED Wit	879
755430	Racesturen	Thrustmaster T150 RS Pro	775
757067	Oordopjes	Beats Powerbeats 3 Wireless Zwart	231
758367	Hoofdtelefoons	Sennheiser HD 4.50 BTNC	900
759479	Mobiele telefoons	Samsung Galaxy A5 (2017) Zwart	149
761432	Routers	TP-Link Deco M5 Triple Pack	434
762062	elektrische tandenborstels	Philips Sonicare DiamondClean HX9353/56 Black Deepclean	930
762394	Consoles	Nintendo Switch Rood/Blauw	763
762426	Vaatwassers	AEG FSE72710P	632
762527	elektrische kachels	Eurom Safe-t-Heater 2400	996
764243	Printers	Epson EcoTank ET-2650	240
764255	Wasdrogers	Miele TWE 620 WP	779
764388	Wasmachines	Miele WDB 030 WCS W1 Classic	343
764439	Wasmachines	Miele WDB 020 (BE)	854
764837	Rookmelders	Smartwares RM218/3 (10 jaar)	107
766021	Blenders	Philips Avance Collection Blender HR3655/00	537
766096	Speakers Bluetooth	JBL Flip 4 Zwart	85
766628	Stofzuigers	Philips FC9334/09	115
768183	Wasmachines	LG FH4J5TN8	446
768512	Televisies	Sony KDL-40WE660	387
768570	Kookplaten	Inventum IKI6030	646
768877	Ovens	AEG KMS361000M	432
771863	cradles & docks voor laptops	Hyper USB-C Adapter Met Thunderbolt 3 Grijs	735
772480	Contactgrills	Tefal Panini Grill Inicio	952
773139	Vaatwassers	Siemens SN435S00AE	790
773676	Vaatwassers	Bosch SMV25AX01N	256
774003	Stofzuigers	Bosch Free'e BSGL5409	748
774207	Wasmachines	Haier HW70-BP14636	189
774437	Wasdrogers	Bosch WTYH8770NL	904
774449	autonavigatie	TomTom Start 52 Europa	433
774498	Vaatwassers	Siemens SN678X36TE	723
775412	Was-droogcombinaties	LG F4J6TM0W Direct Drive 	610
776276	Scheerapparaten	Philips Series 5000 S5530/06	239
776307	Baardtrimmers	Philips Series 9000 BT9297/15	566
776413	Wasdrogers	AEG T8DB86ES	275
776442	Televisies	Philips 32PFS6402	71
777069	instant camera's	Fujifilm Instax Mini 9 Ice Blue	489
777278	E-readers	Kobo Aura H2O (edition 2)	353
777326	Koffieapparaten Espresso Volautomatisch	DeLonghi ECAM350.15.B	839
777332	Koffieapparaten Espresso Volautomatisch	DeLonghi ECAM350.55.B	237
778080	Wasmachines	Samsung WW80K6604QW	966
779014	Wasdrogers	Samsung DV70M5020QW/EN	374
779075	Wasdrogers	Samsung DV80M5210QW/EN	504
779638	Kookplaten	Siemens EU611BEB1E	319
779873	Monitoren	Philips 243V7QDAB	142
780130	Powerbanks	Anker PowerCore Powerbank 15.600 mAh Zwart	660
780480	Koelkasten	Samsung BRB260035WW/EF	692
780736	Harde schijven intern SSD	Kingston A400 SSD 480GB	899
780862	Monitoren	Philips 273V7QDAB	403
781786	Koelkasten	Inventum KV1800S	163
781795	Vaatwassers	Inventum VVW6023AS	678
781953	Wasmachines	Haier HW80-BP14636	95
782269	Ovens	Samsung NV66M3571BS/EF	991
782360	Muizen	Logitech MX Master 2S Draadloze Muis Zwart	791
782627	Kookplaten	Samsung NZ64K5747BK/EF	378
782753	laptops	"Apple MacBook Air 13"" (2017) MQD32N/A"	141
782845	laptops	Apple MacBook Pro 13'' (2017) MPXQ2N/A Space Gray	273
783107	Rookmelders	Alecto SA-49/5	712
783282	elektrische tandenborstels	Oral-B PRO 2 2500	468
783291	elektrische tandenborstels	Oral-B PRO 2 2000N	341
784744	slimme horloges	Garmin Forerunner 935	494
785008	Printers	HP OfficeJet 3833 All-in-One	408
785050	Harde schijven extern SSD	Samsung Portable SSD T5 500GB	644
785051	Harde schijven extern SSD	Samsung Portable SSD T5 1TB	248
785738	Telefoonhouders	Azuri Autohouder Universeel Luchtrooster	946
786345	Speakers Bluetooth	JBL Boombox Zwart	702
786480	bruiswater machines	SodaStream Spirit Zwart + 3 flessen	388
786626	Racesturen	Logitech G29 Driving Force + Logitech Driving Force Shifter	333
786687	Televisies	Salora 20LED1600	981
787206	Koffieapparaten Espresso Volautomatisch	Melitta Caffeo Solo Silver Stripes	812
787349	Stofzuigers	Dirt Devil Blade Total Home DD777-3	599
787645	Monitoren	Asus MB16AC	907
787837	Monitoren	AOC i2490PXQU/BT	270
788131	Terrasverwarmers	Eurom Golden 2500 Shadow	883
788258	Koffieapparaten Cups & Pads	Krups Nespresso Essenza Mini XN1108 Zwart	358
788284	Koffieapparaten Cups & Pads	Krups Nespresso Essenza Mini XN110B Grijs	750
788295	Koffieapparaten Cups & Pads	Krups Nespresso Essenza Mini XN1118 Zwart + Melkopschuimer	891
788367	Smart lamp startpakketten	Philips HUE Starter Pack (07-2017)	688
788760	Oordopjes	JBL Tune 110BT Zwart	749
788941	Hoofdtelefoons	Bose QuietComfort 35 II Zwart	53
788942	Hoofdtelefoons	Bose QuietComfort 35 II Zilver	667
789552	Kabels Thuislader	Samsung USB-C Thuislader Quick Charge Zwart	859
789904	Friteuses	Philips Avance Airfryer XXL HD9650/90 Zwart	22
789905	Friteuses	Philips Avance Airfryer XXL HD9652/90 Zwart	321
790097	Stofzuigers	Miele Complete C3 PowerLine Cat&Dog 	693
790452	Wasdrogers	Siemens WT7U4660NL	393
790466	Stofzuigers	Dyson V8 Absolute 2017	17
790545	Monitoren	Samsung LC49HG90	271
790569	Stofzuigers	Miele Complete C3 EcoLine Black Diamond	83
790739	elektrische kachels	Eurom Safe-t-Convect 2200	456
790745	elektrische kachels	Eurom Alutherm 1500 WiFi	246
791470	slimme horloges	Fitbit Ionic Charcoal & Smoke Gray	961
791665	Hoofdtelefoons	Sony WH-H900N Zwart	549
791790	Rookmelders	Alecto SA-43	113
791806	slimme horloges	Garmin Vivoactive 3 Zwart/Zilver	205
791807	slimme horloges	Garmin Vivoactive 3 Zwart/Zwart	532
791809	slimme horloges	Garmin Vivoactive 3 Wit	718
791835	slimme horloges	Garmin Vivomove HR Sport Zwart - L	800
791837	slimme horloges	Garmin Vivomove HR Sport Rose Gold - S	861
792038	Boormachines	DeWalt DCD777S2T-QW  Accuboormachine	550
792374	Stofzuigers	AEG VX8-4-ECO	917
792507	Koffieapparaten Cups & Pads	Philips Senseo Original HD6553/20 Turquoise	420
792508	Koffieapparaten Cups & Pads	Philips Senseo Original HD6553/70 Grijs	280
792509	Koffieapparaten Cups & Pads	Philips Senseo Original HD6553/80 Rood	972
792523	Stofzuigers	AEG LX7-2-CR-A	918
792969	Televisiebeugels	Vogel's Wall 3245 Zwart	864
793130	Soundbars	JBL Bar 5.1	884
793330	Wekkers	Philips Somneo Sleep & Wake-Up Light HF3650/01	222
793664	Mobiele telefoons	Apple iPhone 8 64GB Space Grey	7
793665	Mobiele telefoons	Apple iPhone 8 64GB Zilver	145
793666	Mobiele telefoons	Apple iPhone 8 64GB Goud	153
793672	Mobiele telefoons	Apple iPhone 8 Plus 64GB Space Grey	228
793673	Mobiele telefoons	Apple iPhone 8 Plus 64GB Zilver	511
793674	Mobiele telefoons	Apple iPhone 8 Plus 64GB Goud	450
793696	Rookmelders	Fibaro Smoke Sensor (Werkt met Toon)	609
793777	Mediaspelers	Apple TV 4K 32GB	555
793815	Hoofdtelefoons	JBL E65BT NC Zwart	307
793942	laptops	Acer Chromebook 15 CB515-1HT-C1W7	605
793963	Printers	HP ENVY Photo 6234 All-in-One	184
793993	Printers	HP ENVY Photo 7830 All-in-One	480
794086	Telefoonhoesjes	Apple iPhone 7/8 Silicone Back Cover Zwart	983
794516	Fohns	Remington AC8820 Keratin Protect	665
794570	NAS	Synology DS218+	131
794578	IP-camera's	Nest Cam IQ outdoor camera	694
794611	NAS	Synology DS918+	426
794769	Printers	HP ENVY 5030 All-in-one	253
794770	Mediaspelers	NVIDIA SHIELD TV REMOTE ONLY	618
794845	Printers	Canon PIXMA TS3150	556
794873	Soundbars	Samsung HW-K335	150
794880	Was-droogcombinaties	AEG L7WB86GW	598
795031	Stofzuigers	Philips PowerPro Expert FC9745/09	58
795117	Deurbellen	Ring Video Deurbel 2	77
795386	wifi speakers	SONOS One Zwart	339
795411	Routers	TP-Link Archer C2300	853
795727	Autoradio's	Pioneer SPH-DA230DAB	336
796014	Vaste telefoons	Gigaset A670A Trio	863
796592	Hoofdtelefoons	Beats Studio3 Wireless Mat Zwart	109
796617	Hoofdtelefoons	Beats Studio3 Wireless Blauw	813
796627	Hoofdtelefoons	Beats Studio3 Wireless Grijs 2018	174
796635	Printers	HP LaserJet Pro Color MFP M281fdw	112
796665	Printers	HP DeskJet 2632	478
796817	Soundbars	JBL Bar Studio	643
796996	Routers	Netgear Orbi RBK53 Multiroom wifi	582
797868	NAS	Synology DS218j	372
797906	IP-camera's	Ring Spotlight Cam Wired Zwart	935
797960	Harde schijven extern	WD Elements Portable 4 TB	447
798286	Thermostaten	Nest Learning Thermostat V3 Premium Wit	493
798287	Thermostaten	Nest Learning Thermostat V3 Premium Zwart	219
798353	cradles & docks voor laptops	Satechi SLIM TYPE - C Multiport Adapter Zilver	1000
798356	cradles & docks voor laptops	Satechi SLIM TYPE - C Multiport Adapter Grijs	889
798691	Hometrainers	Tunturi FitCycle 50i Ergometer Bike	476
799246	Radio's	Denver DAB-18	406
799948	Robotstofzuigers	Ecovacs Deebot R97 OZMO930	697
801115	Luchtontvochtigers	Qlima D625	831
801740	Terrasverwarmers	Eurom Golden 1800 Comfort RC Zwart	756
801971	Harde schijven intern SSD	Samsung 860 EVO 500GB 2,5 inch	419
801973	Harde schijven intern SSD	Samsung 860 EVO 1TB 2,5 inch	224
802085	Wasmachines	Whirlpool FWF71683WE EU Fresh Care +	838
802097	Magnetrons	Whirlpool AMW 9607/IX	784
802703	bruiswater machines	SodaStream Crystal Megapack Black + 2 karaffen	984
802892	Magnetrons	Inventum MN308C	151
803385	Stoomreinigers	Karcher SC 4 EasyFix Premium	669
803578	smart home hubs	Google Home	505
804386	Was-droogcombinaties	Samsung WD80J6A00AW/EN EcoBubble	642
804541	Beamers	Optoma HD144X	585
804553	Stofzuigers	Dirt Devil Blade DD767-1	123
805073	Wasmachines	Haier HW80-B14636	21
805230	Oordopjes	Bose SoundSport Free Wireless Zwart	429
805318	Koffieapparaten Cups & Pads	DeLonghi Nespresso Lattissima Touch EN560.B Zwart	236
805489	Soundbars	Sony HT-ZF9	834
805529	Koffieapparaten Espresso Volautomatisch	Philips EP5360/10	318
805532	Koffieapparaten Espresso Volautomatisch	Philips EP5365/10	640
806589	Hoofdtelefoons	Sony WH-CH700N Zwart	143
806855	Harde schijven extern SSD	SanDisk Extreme Portable SSD 1TB	868
806938	Printers	Brother MFC-L2710DW	944
806957	Stofzuigers	Philips SpeedPro Max FC6822/01	487
807173	Digitale camera's SLR	Canon EOS 4000D + 18-55mm DC	306
807362	Stofzuigers	Dyson Cyclone V10 Absolute	279
807916	Gaming stoelen	Trust GXT 707R RESTO Gaming Stoel Rood	641
808236	IP-camera's	Ezviz Husky Air C3W	352
808281	Monitoren	Philips 272B8QJEB/00	568
808339	Wasmachines	Miele WCI 330 W1 PowerWash XL	162
808375	Soundbars	Samsung HW-MS650	658
808392	Televisies	Philips 32PFS5803	134
808393	Televisies	Philips 43PFS5503	593
808394	Televisies	Philips 43PFS5803	208
808405	Televisies	Philips 55PUS7803	553
808552	Stofzuigers	AEG VX7-2-EB-C	148
808748	Gaming headsets	SteelSeries Arctis Pro Wireless	512
808971	Friteuses	Philips Avance Airfryer XXL HD9653/90	356
808972	Friteuses	Philips Avance Airfryer XXL HD9654/90	144
809144	Tablets	Apple iPad (2018) 32 GB Wifi Silver	211
809145	Tablets	Apple iPad (2018) 32 GB Wifi Gold	700
809148	Tablets	Apple iPad (2018) 32 GB Wifi Space Gray	104
809152	Tablets	Apple iPad (2018) 128 GB Wifi Silver	762
809171	Koffieapparaten Espresso Volautomatisch	Siemens EQ.6 Plus S100 TE651209RW	757
809204	Koffieapparaten Espresso Volautomatisch	Siemens EQ.6 Plus S700 TE657319RW	807
809573	Televisies	LG OLED55C8P	268
809680	Tablets	Apple iPad (2018) 128 GB Wifi Space Gray	68
810799	singleboardcomputers	Raspberry Pi 3 Model B+ Starters Kit	483
810859	Speakers Bluetooth	JBL Xtreme 2 Zwart	976
810883	Speakers Bluetooth	JBL Go 2 Zwart	913
811014	Hoofdtelefoons	JBL T460BT	404
811042	Koelkasten	Samsung RS68N8222S9/EF	887
811102	Koelkasten	Samsung RS66N8101S9/EF	969
811113	Wasmachines	AEG L6FBI86S	258
811114	Wasdrogers	AEG T7DBN460	272
811160	Koelkasten	Samsung RS68N8221B1/EF	455
811215	receivers	Yamaha HTR-4071 Zwart	312
811300	Koelkasten	Haier A3FE735CGJE Easy Access	656
811843	Deurbellen	Nest Hello (Zonder Installatie)	124
812099	Koffieapparaten Espresso Volautomatisch	Philips Latte Go EP5335/10	738
812182	E-readers	Kobo Clara HD	165
812197	Robotstofzuigers	iRobot Roomba 671	167
812481	Koffieapparaten Espresso Volautomatisch	Jura E6 Dark Inox	710
812602	Powerbanks	Trust Primo Thin Powerbank 10.000 mAh Zwart	680
812696	Wasmachines	AEG L7FB60Y	951
812795	Koelkasten	Samsung RB33N340NSA/EF	27
812814	Vaatwassers	Siemens SN658X03TE	764
813048	Vriezers	Bosch GSN36VW3P	571
813445	Hoofdtelefoons	Beats Studio3 Wireless Decade Collection Zwart/Rood	621
813502	Wasdrogers	Haier HD80-B636W	76
813509	Was-droogcombinaties	LG F4J6VG0W Direct Drive	259
813657	Vriezers	Bosch GSN29UW3V BE	657
813755	laptops	Acer Chromebook Spin 15 CP315-1H-P75Z	845
813770	Routers	TP-Link Deco M9 Plus Triple Pack	154
813771	Routers	TP-Link Deco P7 Plus Triple Pack	482
813825	laptops	HP Pavilion 17-ab464nb Azerty	850
813826	Soundbars	SONOS BEAM Zwart	243
814177	slimme horloges	Garmin Vivoactive 3 Music Zwart	438
814248	Monitoren	AOC 24B1H	193
814371	Oordopjes	JBL Tune 205BT Zwart	531
814405	Oordopjes	JBL Endurance SPRINT Zwart	170
814411	Radio's	JBL Tuner Zwart	663
814494	DJ controllers	Pioneer DDJ-400	626
814582	Koelkasten	Inventum SK010	203
814600	Stofzuigers	AEG CX7-1-30IW	789
814684	Televisies	Samsung UE43NU7020	89
814686	Televisies	Samsung UE50NU7020	30
814688	Televisies	Samsung UE65NU7020	74
814788	Beamers	Nebula Capsule	847
814951	Rugzakken	The North Face Vault TNFBlack	890
815492	cradles & docks voor laptops	Hyper Pro USB C 8 In 2 Docking Station Space Gray	968
816107	Oordopjes	Jabra Elite 65t Titanium/Zwart	625
816152	Oordopjes	Jabra Elite Active 65t Blauw	216
816153	Luchtontvochtigers	DeLonghi AriaDry Light DNS65	871
816157	laptops	Microsoft Surface Go - 4 GB - 64 GB	210
816158	laptops	Microsoft Surface Go - 8 GB - 128 GB	78
816331	Speakers Bluetooth	JBL Flip 3 Stealth Edition	125
816340	Friteuses	Tefal Easy Fry Precision EY4018	214
817187	Tablets	Samsung Galaxy Tab A 10.5 Wifi Zwart	925
817217	slimme horloges	Samsung Galaxy Watch 46mm Silver BE	324
817220	slimme horloges	Samsung Galaxy Watch 42mm Rose Gold NL	528
817221	slimme horloges	Samsung Galaxy Watch 46mm Silver NL	39
817222	slimme horloges	Samsung Galaxy Watch 42mm Midnight Black NL	155
817285	laptops	Lenovo Chromebook S330 81JW0008MH	55
817318	Hoofdtelefoons	Sony WH-1000XM3 Zwart	8
817322	Hoofdtelefoons	Sony WH-1000XM3 Zilver	296
817501	slimme horloges	Fossil Q Explorist Gen 4 FTW4018	507
817591	Stofzuigers	Philips SpeedPro Max FC6823/01	199
817691	Luchtontvochtigers	Comfee MDDF-16DEN3	369
817710	office software	Microsoft Office 365 Personal Abonnement 1 jaar NL	391
817713	office software	Microsoft Office 2019 Thuisgebruik en Zelfstandigen NL	479
817721	office software	Microsoft Office 2019 Thuisgebruik en Studenten NL	100
817732	Koffieapparaten Espresso Volautomatisch	Jura E8 Dark Inox (2018)	508
817952	Thermostaten	Tado Slimme Thermostaat V3+	560
817954	Thermostaten	Tado Slimme Radiator Thermostaat Starterspakket	706
817978	Televisies	Philips 32PHS4503	173
818088	Scheerapparaten	Philips Series 9000 Prestige SP9820/12	734
818235	Mobiele telefoons	Apple iPhone 8 64GB Space Gray + Silicone Back Cover	588
818240	Mobiele telefoons	Apple iPhone 8 64GB Space Gray + Leather Back Cover	962
818289	elektrische tandenborstels	Philips Sonicare ProtectiveClean 4300 HX6807/63	714
818359	Koffieapparaten Espresso Volautomatisch	Philips Latte Go EP5330/10	491
818362	Koffieapparaten Filter	Philips Grind & Brew HD7769/00	722
818369	slimme horloges	Fitbit Charge 3 Zwart / Grafiet	59
818372	slimme horloges	Fitbit Charge 3 Blauwgrijs / Rosegoud	79
818429	Speakers Bluetooth	JBL Charge 4 Zwart	289
818451	slimme horloges	Michael Kors Access Runway Gen 4 Display Smartwatch MKT5045	488
818506	Oordopjes	JBL Free X Zwart	118
818515	Hoofdtelefoons	JBL Tune500BT Zwart	466
818882	Televisies	Philips 55OLED903 - Ambilight	698
818961	Televisies	Samsung The Frame UE43LS03	285
819113	draadloze opladers	Belkin Boost Up Qi Bold Draadloze Oplader Stand Universeel	617
819116	Stofzuigers	Philips Performer Silent FC8780/09	518
819142	Stofzuigers	Philips Performer Silent Cat & Dog FC8784/09	182
819148	Digitale camera's SLR	Nikon D3500 + AF-P DX 18-55mm f/3.5-5.6G VR	384
819196	Action camera's	GoPro HERO7 Black	136
819197	Action camera's	GoPro HERO7 Silver	798
819199	Action camera's	GoPro HERO7 White	677
819240	Robotstofzuigers	iRobot Roomba e5	459
819300	Mobiele telefoons	Apple iPhone Xs 64 GB Space Gray	362
819326	Mobiele telefoons	Apple iPhone Xs 256 GB Space Gray	577
819332	Mobiele telefoons	Apple iPhone Xs Max 256 GB Space Gray	926
819337	Monitoren	AOC C24G1	252
819338	Monitoren	AOC C27G1	61
819339	Monitoren	AOC C32G1	576
819344	Mobiele telefoons	Apple iPhone Xr 64 GB Wit	185
819345	Mobiele telefoons	Apple iPhone XR 64 GB Zwart	13
819348	Mobiele telefoons	Apple iPhone Xr 256 GB Zwart	967
819368	slimme horloges	Apple Watch Series 4 44mm Space Gray Aluminium/Zwarte Sportb	843
819563	slimme horloges	Garmin Vivoactive 3 Music Blauw/Rosegoud	606
819669	Magnetrons	Samsung MC455TERCBB/EN	645
819772	Stofzuigers	Miele Complete C3 Powerline Cat&Dog Zwart	806
819783	Mobiele telefoons	Xiaomi Mi A2 lite Dual Sim 32GB zwart	659
819913	slimme horloges	Fitbit Charge 3 SE Graphite/White	467
819914	slimme horloges	Fitbit Charge 3 SE Lavender Aluminium	551
819950	Mobiele telefoons	Apple iPhone Xr 64 GB RED	522
819951	Mobiele telefoons	Apple iPhone Xr 64 GB Blauw	959
819952	Mobiele telefoons	Apple iPhone Xr 64 GB Koraal	614
819956	Mobiele telefoons	Apple iPhone Xr 128 GB Wit	188
819957	Mobiele telefoons	Apple iPhone Xr 128 GB Zwart	14
819961	Mobiele telefoons	Apple iPhone Xr 128 GB RED	624
820146	Muizen	Logitech G502 HERO High Performance Gaming Mouse	770
820195	Wasmachines	Bosch WAT285C0NL	88
820272	Televisies	Philips 24PFS5863	530
820288	Stofzuigers	Dyson V8 Fluffy+	291
820369	Robotstofzuigers	Eufy Robovac 11s	457
820607	draadloze opladers	ZENS Dual & Watch Aluminium Draadloze Oplader 10W Zwart	826
820761	Stofzuigers	Bosch Unlimited BBS1U224	997
820763	Wasdrogers	Bosch WTW8444ENL	360
820796	Oordopjes	Sennheiser Momentum True Wireless	444
820803	Wasdrogers	Bosch WTR85V01NL	745
820838	Wasdrogers	Bosch WTU876C0NL	251
820846	Wekkers	Philips Somneo Sleep & Wake-up Light HF3672/01	502
821062	Mobiele telefoons	Samsung Galaxy A8 Enterprise Editie	284
821179	Consoles	Nintendo Switch Pokemon Let's Go Pikachu Bundle	703
821231	Smart lamp startpakketten	Google Home Mini Philips Hue Starter Pack 	776
821279	Televisies	Toshiba 32L3863	375
821446	Rookmelders	Alecto Rookmelder SA-110 10 jaar + time-out	670
821569	Televisies	Samsung UE55NU7021	282
821712	Ovens	Inventum OV226C	992
821725	Ovens	Inventum OVCB60	397
821799	Kookplaten	Inventum VKI6010ZWA	970
821921	Printers	Canon PIXMA TS6251	422
821933	slimme horloges	Huawei Band 3 Pro Zwart NL	726
821934	slimme horloges	Huawei Band 3 Pro Blauw	828
821937	Stofzuigers	Miele Complete C3 PowerLine Pure Red	902
822070	Televisies	Philips 50PUS6203	47
822105	Thermostaten	Honeywell Lyric T6 Wit (Bedraad)	840
822147	Smart lampen	Philips Hue Play Lichtbalk White & Color Zwart 2 Stuks	960
822331	Tablets	Apple iPad Pro 11 inch (2018) 64 GB Wifi Space Gray	458
822335	Tablets	Apple iPad Pro 11 inch (2018) 256 GB Wifi Space Gray	400
822355	Tablets	Apple iPad Pro 12,9 inch (2018) 256 GB Wifi Space Gray	221
822373	Hoofdtelefoons	Beats Studio3 Wireless Zwart/Goud	26
822377	Hoofdtelefoons	Beats Studio3 Wireless Beige	594
822378	Hoofdtelefoons	Beats Studio3 Wireless Lichtblauw	892
822436	slimme horloges	Polar Vantage M Zwart M/L	156
822437	slimme horloges	Polar Vantage M Zwart S/M	689
822454	slimme horloges	Apple Watch Series 3 38mm Silver Aluminium/Wit	290
822456	slimme horloges	Apple Watch Series 3 38mm Space Gray Aluminium/Zwart	311
822458	slimme horloges	Apple Watch Series 3 42mm Space Gray Aluminium/Zwart	326
822498	Televisies	Samsung UE32N5000	276
822563	laptops	"Apple MacBook Air 13,3"" (2018) MREE2N/A Goud Azerty"	699
822686	Styli	Apple Pencil (2e generatie)	546
822691	Smart lampen	Philips Hue Lightstrip Plus 2 meter + 1 meter	785
823076	Oordopjes	BeatsX Zwart	844
823201	IP-camera's	Ezviz By Hikvision C3A	940
823290	Hoofdtelefoons	Beats Solo3 2018 Wireless Zilver	805
823293	Hoofdtelefoons	Beats Solo3 2018 Wireless Goud	815
823529	Robotstofzuigers	Ecovacs Deebot 605	178
823571	Action camera's	DJI Osmo Pocket	901
823637	laptops	Asus Chromebook C423NA-EB0049	836
823935	Koelkasten	Inventum CKK501++	320
823940	Koelkasten	Inventum CKV501++	218
823943	receivers	Denon AVR-X1500H	423
823945	receivers	Denon AVR-X2500H	464
823962	Vriezers	Inventum CVR501++	215
823982	laptops	Acer Swift 3 SF314-56-5427	132
824208	IP-camera's	Eufy Eufycam Duo Pack	328
824253	laptops	Microsoft Surface Laptop 2 - i5 - 8 GB - 128 GB Platinum	574
824254	laptops	Microsoft Surface Laptop 2 - i5 - 8 GB - 256 GB Black	299
824265	laptops	Microsoft Surface Pro 6 - Core M - 4 GB - 128 GB	686
824266	laptops	Microsoft Surface Pro 6 - i5 - 8 GB - 128 GB	73
824267	laptops	Microsoft Surface Pro 6 - i5 - 8 GB - 256 GB	411
824268	laptops	Microsoft Surface Pro 6 - i5 - 8 GB - 256 GB Black	72
824269	laptops	Microsoft Surface Pro 6 - i7 - 8 GB - 256 GB	905
824271	laptops	Microsoft Surface Pro 6 - i7 - 16 GB - 512 GB	888
824272	laptops	Microsoft Surface Pro 6 - i7 - 16 GB - 512 GB Black	600
824378	Magnetrons	Inventum MN205CBS	788
824449	Wasmachines	Miele WWR 760 WPS	752
824674	Wasdrogers	Whirlpool FTBE M11 82	541
824778	Friteuses	Princess 182025 Digital Aerofryer XXL 	583
824863	Stapelkits	BlueBuilt tussenstuk met werkblad	129
824872	Tablets	Lenovo TAB P10 64GB Zwart	370
824881	E-readers	PocketBook Touch HD 3	286
824886	Mobiele telefoons	Huawei P Smart (2019) Zwart NL	412
824925	Wasdrogers	Whirlpool FTBE M10 72	101
824999	Koelkasten	Samsung RB37J5005B1/EF	313
825056	laptops	HP ProBook 450 G6  i5-8gb-256ssd	876
825063	laptops	HP ProBook 450 G6  i7-16gb-512ssd	774
825077	Mobiele telefoons	Huawei P Smart (2019) Zwart (BE)	810
825131	Mobiele telefoons	Nokia 8.1 Grijs	263
825179	Mobiele telefoons	Samsung Galaxy S9 Enterprise Editie	147
825378	Monitoren	Philips 276E8VJSB	373
825408	Tablets	Samsung Galaxy Tab A 10.5 Wifi 64GB Zwart	105
825667	Vaatwassers	Bosch SMS25AW02E (BE)	895
825704	Scheerapparaten	Philips Oneblade Face + Body QP2630/30	523
825737	Printers	Epson Expression Premium XP-6100	629
825753	Koffieapparaten Espresso Volautomatisch	Siemens EQ.6 Plus S800 TE658209RW	985
825936	Mobiele telefoons	Motorola Moto G7 Play Deep Indigo	212
825937	Mobiele telefoons	Motorola Moto G7 Power Ceramic Black	192
825939	Mobiele telefoons	Motorola Moto G7 Ceramic Black	513
825941	Mobiele telefoons	Motorola Moto G7 Plus Deep Indigo	281
826033	Robotstofzuigers	iRobot Roomba i7+	355
826110	Tablets	Lenovo Tab E10 2GB 16GB Wifi Zwart	461
826111	Tablets	Lenovo Tab E10 2GB 32GB Wifi Zwart	346
826125	Gaming headsets	Logitech G935 Wireless 7.1 Surround Sound LIGHTSYNC Gaming	878
826201	Mediaspelers	Xiaomi Mi Box S EU	591
826219	Koffieapparaten Espresso Volautomatisch	DeLonghi ECAM 21.117.B Magnifica S	114
826239	Bladblazers	Black & Decker BEBLV300-QS	615
826647	Thermostaten	Tado Slimme Radiator Thermostaat Startpakket 5 knoppen	759
826653	Thermostaten	Tado Slimme Thermostaat V3+ + 2 radiatorknoppen	837
826865	E-readers	Pocketbook Touch HD 3 Grijs	169
827010	Tablets	Samsung Galaxy Tab S5e WiFi 64GB Zilver	988
827014	Tablets	Samsung Galaxy Tab S5e WiFi 64GB Zwart	200
827015	Tablets	Samsung Galaxy Tab S5e WiFi 128GB Zwart	181
827016	Tablets	Samsung Galaxy Tab S5e LTE 64GB Zwart	651
827023	Mobiele telefoons	Samsung Galaxy S10 128GB Zwart (NL)	11
827042	Mobiele telefoons	Samsung Galaxy S10 128GB Wit (NL)	846
827045	Mobiele telefoons	Samsung Galaxy S10 128GB Groen (NL)	520
827046	Mobiele telefoons	Samsung Galaxy S10 512GB Zwart (NL)	633
827062	slimme horloges	Samsung Galaxy Watch Active Zwart - NL	235
827064	slimme horloges	Samsung Galaxy Watch Active Zilver - NL	201
827065	Mobiele telefoons	Samsung Galaxy S10e 128GB Zwart (NL)	38
827066	slimme horloges	Samsung Galaxy Watch Active Rose Goud - NL	315
827068	slimme horloges	Samsung Galaxy Watch Active Groen - NL	950
827071	Mobiele telefoons	Samsung Galaxy S10e 128GB Wit (NL)	554
827072	Mobiele telefoons	Samsung Galaxy S10e 128GB Groen (NL)	250
827074	Mobiele telefoons	Samsung Galaxy S10 Plus 128GB Zwart (NL)	35
827075	Mobiele telefoons	Samsung Galaxy S10 Plus 128GB Wit (NL)	943
827076	Mobiele telefoons	Samsung Galaxy S10 Plus 128GB Groen (NL)	954
827079	Mobiele telefoons	Samsung Galaxy S10 Plus 1TB Zwart (NL)	649
827090	Tablets	Samsung Galaxy Tab S5E 64GB black - BE	639
827092	Mobiele telefoons	Samsung Galaxy S10e 128GB Zwart (BE)	195
827103	Mobiele telefoons	Samsung Galaxy S10 128GB Zwart (BE)	244
827116	Mobiele telefoons	Samsung Galaxy S10 Plus 128GB Zwart (BE)	365
827276	Oordopjes	JBL Tune 120 TWS Zwart	207
827280	Oordopjes	JBL Tune 120 TWS Blauw	932
827352	Hoofdtelefoons	JBL LIVE 650BTNC Zwart	394
827518	laptops	HP Chromebook 14-db0690nd	681
827524	laptops	Acer Chromebook 315 CB315-2H-430H	139
827526	laptops	Acer Chromebook 514 CB514-1H-C9JJ	619
827555	Televisies	Samsung QE65Q90R - QLED	720
827562	Televisies	Samsung QE65Q64R - QLED	886
827582	Stofzuigers	Philips PowerPro Active FC9555/09	385
827587	Speakers Bluetooth	JBL Charge 3 Stealth Edition	166
827613	Mobiele telefoons	Nokia 9 PureView Blauw	421
827632	Televisies	Samsung QE55Q85R - QLED	465
827634	Televisies	Samsung QE55Q70R - QLED	454
827635	Televisies	Samsung QE55Q64R - QLED	44
827636	Televisies	Samsung UE55RU8000	601
827638	Televisies	Samsung QE49Q70R - QLED	737
827639	Televisies	Samsung QE49Q64R - QLED	183
827642	Televisies	Samsung UE50RU7100	481
827644	Televisies	Samsung UE43RU7440	31
827645	Televisies	Samsung UE43RU7100	731
827684	Gaming stoelen	Trust GXT 707R RESTO Gaming Stoel Zwart	635
827811	Koffieapparaten Cups & Pads	Krups Nespresso Pixie XN304T Titan	675
827854	Koelkasten	LG GBB62PZGFN Door Cooling	668
827856	slimme horloges	Fitbit Inspire Zwart	816
827858	slimme horloges	Fitbit Inspire HR Zwart	82
827859	slimme horloges	Fitbit Inspire HR Zwart/Wit	717
827860	slimme horloges	Fitbit Inspire HR Lila	882
827893	Powerbanks	Xtorm Core Powerbank 10.000 mAh	786
827895	Powerbanks	Xtorm Impact Powerbank 20.000 mAh	448
827897	slimme horloges	Xiaomi Amazfit Bip	973
828004	Oordopjes	Samsung Galaxy Buds Zwart	490
828014	Oordopjes	Samsung Galaxy Buds Zwart	36
828015	Oordopjes	Samsung Galaxy Buds Wit	498
828016	Oordopjes	Samsung Galaxy Buds Geel	957
828046	Mobiele telefoons	Xiaomi Mi 9 128GB Zwart	325
828093	Koelkasten	Inventum EDKV142WA+	909
828123	Koelkasten	Inventum EDKV142ZA++	711
828140	Mobiele telefoons	Samsung Galaxy A50 Blauw (BE)	804
828141	Mobiele telefoons	Samsung Galaxy A50 Zwart (BE)	23
828144	Mobiele telefoons	Samsung Galaxy A50 Blauw (NL)	435
828145	Mobiele telefoons	Samsung Galaxy A50 Zwart (NL)	4
828147	Mobiele telefoons	Samsung Galaxy A50 Wit (NL)	701
828166	Koelkasten	Inventum KV1800NF	939
828173	Koelkasten	Inventum CA010	933
828202	Printers	HP Envy 5010 All-in-One	16
828310	E-readers	Kobo Clara HD + Cover	733
828403	Vriezers	DOMO JG010V++	989
828432	Mobiele telefoons	Huawei P30 Pro 128GB Zwart	220
828434	Soundbars	Samsung HW-Q70R	958
828470	Stofzuigers	Dyson V11 Animal +	548
828471	Stofzuigers	Dyson V11 Absolute	45
828472	Stofzuigers	Philips SpeedPro Max Aqua FC6904/01	938
828519	Mobiele telefoons	Huawei P30 Lite Zwart	267
828520	Mobiele telefoons	Huawei P30 Lite Blauw (Peacock Blue)	736
828531	Mobiele telefoons	Huawei P30 Lite Zwart BE	503
828532	Mobiele telefoons	Huawei P30 Lite Blauw (Peacock Blue) BE	232
828553	Tablets	Apple iPad Mini 5 Space Gray 64GB Wifi	979
828578	Tablets	Apple iPad Air (2019) Zilver 64GB Wifi	382
828580	Tablets	Apple iPad Air (2019) Space Gray 64GB Wifi	92
828589	Tablets	Apple iPad Air (2019) Space Gray 256GB Wifi	898
828705	desktops	"Apple iMac 21.5"" (2019) MRT32N/A 3.6GHz 4K"	673
828707	desktops	"Apple iMac 27"" (2019) 1TB Fusion Drive Radeon 570X"	911
828744	Tablets	Samsung Galaxy Tab A 10.1 Wifi 32GB Zwart 2019 (BE)	297
828748	Tablets	Samsung Galaxy Tab A 10.1 Wifi 32GB Zilver 2019 	175
828750	Tablets	Samsung Galaxy Tab A 10.1 Wifi 32GB Zwart 2019 	18
828751	Tablets	Samsung Galaxy Tab A 10.1 LTE 32GB Zwart 2019 	322
828752	Tablets	Samsung Galaxy Tab A 10.1 LTE 64GB Zwart 2019	956
828804	Oordopjes	Apple AirPods met draadloze oplaadcase	3
828805	Oordopjes	Apple AirPods 2 met oplaadcase	1
828806	Oordopjes	Apple Draadloze Oplaadcase	60
828923	VR brillen	Oculus Rift S	135
828980	Koffieapparaten Espresso Volautomatisch	Philips 2200 EP2220/10	12
828981	Koffieapparaten Espresso Volautomatisch	Philips 2200 EP2231/40	40
829107	Koffieapparaten Espresso Volautomatisch	Philips 3200 EP3221/40	919
829108	Mobiele telefoons	Samsung Galaxy A40 64GB Zwart (NL)	2
829109	Koffieapparaten Espresso Volautomatisch	Philips 3200 EP3246/70	351
829132	Wasdrogers	AEG T8DE84ES	744
829246	Televisies	Samsung UE32N5300	227
829328	VR brillen	Oculus Quest 128GB	323
829336	Televisies	Sony KD-43XG8305	637
829339	Televisies	Sony KD-49XG9005	622
829370	Koelkasten	Bosch KTL15NW3A	927
829410	Mobiele telefoons	Samsung Galaxy A40 64GB Zwart (BE)	51
829414	Mobiele telefoons	Samsung Galaxy A40 64GB Blauw (NL)	119
829418	Mobiele telefoons	Samsung Galaxy A40 64GB Oranje (NL)	442
829419	Mobiele telefoons	Samsung Galaxy A40 64GB Wit (NL)	338
829427	Mobiele telefoons	Samsung Galaxy A70 128GB Blauw (BE)	780
829429	Mobiele telefoons	Samsung Galaxy A70 128GB Zwart (BE)	20
829431	Mobiele telefoons	Samsung Galaxy A70 128GB Wit (BE)	666
829432	Mobiele telefoons	Samsung Galaxy A70 128GB Blauw (NL)	414
829434	Mobiele telefoons	Samsung Galaxy A70 128GB Zwart (NL)	5
829435	Mobiele telefoons	Samsung Galaxy A70 128GB Oranje (NL)	652
829436	Mobiele telefoons	Samsung Galaxy A70 128GB Wit (NL)	415
829594	VR brillen	Oculus Quest 64GB	198
829626	Mobiele telefoons	Samsung Galaxy S10e 128GB Blauw (NL)	449
829627	Mobiele telefoons	Samsung Galaxy S10 128GB Blauw (NL)	424
829628	Mobiele telefoons	Samsung Galaxy S10 Plus 128GB Blauw (NL)	741
829707	Wasmachines	AEG L8FEOKOMIX	223
829942	Luchtontvochtigers	Qlima D210	799
830206	Strijkijzers	Philips Azur Garment Care GC4556/20	329
830221	Televisies	LG OLED55C9PLA	179
830222	Televisies	LG OLED65C9PLA	709
830242	Koelkasten	Samsung RS68N8941B1/EF Family Hub	777
830328	Televisies	Salora 22FMS5904	948
830349	Tablets	Samsung Galaxy Tab A 10.1 Wifi 64GB Zwart 2019	542
830402	desktops	Lenovo IdeaCentre 510-15ICB 90HU00FUMH	337
830413	desktops	Lenovo IdeaCentre 310S-08IGM 90HX0044MH	721
830418	desktops	Acer Aspire TC-885 I5517	690
830420	desktops	Acer Nitro N50-600 I8208	409
830604	Monitoren	Samsung LC49RG90SSUXEN	881
830612	desktops	HP Pavilion Gaming 790-0400nd	654
830628	laptops	HP Chromebook 14-db0410nd	664
830663	slimme horloges	Garmin Forerunner 45S Wit	278
830685	slimme horloges	Garmin Forerunner 45 Zwart	108
830703	Stofzuigers	Dyson V8 Parquet	242
830827	Mobiele telefoons	Xiaomi Mi 9 SE 64GB Zwart	705
830830	Mobiele telefoons	Xiaomi Mi 9 SE 128GB Blauw	852
830892	Hoofdtelefoons	Beats Studio3 Wireless Grijs	874
830977	laptops	Lenovo IdeaPad S530-13IWL 81J700CCMH	769
830979	laptops	Lenovo IdeaPad S145-14IWL 81MU008JMH	647
830980	laptops	Lenovo IdeaPad S130-11IGM 81J100A5MH	971
830981	laptops	Lenovo IdeaPad S145-14IWL 81MU008LMH	517
830983	laptops	Lenovo IdeaPad S145-14IWL 81MU008NMH	543
831004	laptops	Lenovo IdeaPad S145-15IWL 81MV00HLMH	340
831005	laptops	Lenovo IdeaPad S145-15IWL 81MV00HMMH	133
831006	laptops	Lenovo IdeaPad S145-15IWL 81MV00HRMH	87
831007	laptops	Lenovo IdeaPad S145-15IWL 81MV00HNMH	62
831008	laptops	Lenovo IdeaPad S340-15IWL 81N800JTMH	65
831009	laptops	Lenovo IdeaPad S340-15IWL 81N800JUMH	636
831010	laptops	Lenovo IdeaPad L340-15IRH 81LK009HMH	172
831011	laptops	Lenovo IdeaPad L340-15IRH 81LK009JMH	159
831012	laptops	Lenovo Legion Y540-15IRH-PG0 81SY006YMH	441
831013	laptops	Lenovo Legion Y540-15IRH 81SX002NMH	794
831014	laptops	Lenovo Legion Y540-15IRH 81SX002QMH	492
831021	laptops	Lenovo IdeaPad L340-17IWL 81M0004TMH 	771
831023	laptops	Lenovo IdeaPad L340-17IRH 81LL0039MH	383
831024	laptops	Lenovo IdeaPad L340-17IRH 81LL003AMH	561
831025	laptops	Lenovo IdeaPad L340-17IRH 81LL003BMH	682
831029	laptops	Lenovo Yoga 530-14IKB 81EK01ADMH 2-in-1	824
831033	laptops	Lenovo Yoga 530-14IKB 81EK01A5MH 2-in-1	146
831035	laptops	Lenovo Yoga 530-14IKB 81EK01A7MH 2-in-1	535
831041	laptops	Lenovo IdeaPad S540-15IWL GTX 81SW001YMH	743
831042	laptops	Lenovo IdeaPad S540-15IWL GTX 81SW0020MH	262
831056	laptops	Lenovo IdeaPad S145-15IWL 81MV00HPMB Azerty	452
831057	laptops	Lenovo IdeaPad S145-15IWL 81MV00HQMB Azerty	572
831058	laptops	Lenovo IdeaPad S340-15IWL 81N800JVMB Azerty	855
831062	laptops	Lenovo IdeaPad L340-15IRH 81LK009LMB Azerty	469
831118	Televisies	Samsung QE43LS03RASXXN The Frame 3.0	209
831119	Televisies	Samsung QE49LS03RASXXN The Frame 3.0	160
831120	Televisies	Samsung QE55LS03RASXXN The Frame 3.0	91
831121	Televisies	Samsung QE65LS03RASXXN The Frame 3.0	704
831158	Televisies	Philips The One (43PUS7304) - Ambilight	120
831159	Televisies	Philips The One (50PUS7304) - Ambilight	54
831160	Televisies	Philips The One (55PUS7304) - Ambilight	197
831161	Televisies	Philips The One (65PUS7304) - Ambilight	519
831231	Wasdrogers	Whirlpool WTD 850B W EU	407
831233	Oordopjes	Beats Powerbeats Pro Zwart	158
831421	laptops	Asus ZenBook UX431FA-AM082T-BE - Azerty	264
831441	Mobiele telefoons	Samsung Galaxy A20e Zwart (BE)	347
831444	laptops	Asus VivoBook X512FA-EJ805T-BE - Azerty	929
831480	laptops	Asus VivoBook X402YA-GA032TS	773
831484	laptops	Asus ZenBook UX431FA-AM082T	380
831488	laptops	Asus VivoBook X512FA-EJ805TT	586
831489	laptops	Asus VivoBook X512FA-BQ731T	34
831491	laptops	Asus VivoBook Pro N580GD-E4561T	945
831492	laptops	Asus ROG Strix GL531GT-AL195T	580
831500	laptops	Asus ZenBook Flip UX562FDX-EZ029T	841
831502	laptops	Asus ZenBook UX410UA-GV643T	247
831507	laptops	Asus VivoBook Pro N705UD-GC137T	684
831508	laptops	Asus VivoBook Pro N705UD-GC276T	190
831510	laptops	Asus VivoBook X411QA-BV042T	923
831511	laptops	Asus ZenBook UX431FL-AN012T	405
831518	laptops	Asus Vivobook X512FA-BQ601T	314
831519	laptops	Asus TUF Gaming FX504GD-E41262T	687
831525	Mobiele telefoons	Samsung Galaxy A20e Zwart (NL)	111
831550	Monitoren	AOC CQ32G1	912
831560	smart home hubs	Google Nest Hub Charcoal	611
831768	Digitale camera's SLR	Canon EOS 2000D + 18-55mm f/3.5-5.6 DC III + Tas + 16GB	255
831770	Hoofdtelefoons	Bose Headphones 700  Zwart	204
831789	Monitoren	Samsung LC27JG56QQUXEN	994
831801	laptops	Acer Aspire 3 A314-21-900Z	765
831805	Mobiele telefoons	Motorola One Vision Blauw	66
831806	Mobiele telefoons	Motorola One Vision Bruin	620
831848	laptops	Acer Swift 3 SF314-56G-52NZ	856
831878	laptops	Acer Aspire 7 A715-74G-77UR Azerty	941
831891	laptops	Acer Aspire 3 A315-22-63D5	367
831895	laptops	Acer Aspire 3 A315-54-51H7	260
831901	laptops	Acer Aspire 3 A315-54-50VX Azerty	495
831904	laptops	Acer Aspire 5 A515-54G-50LM	547
831927	laptops	Acer Aspire 3 A317-51-5479	484
832192	Robotstofzuigers	Eufy Robovac 35C	778
832240	Vriezers	Inventum RB010	730
832303	Mobiele telefoons	Samsung Galaxy A10 Zwart (NL)	157
832324	Mobiele telefoons	Samsung Galaxy A10 Blauw (NL)	755
832327	Mobiele telefoons	Samsung Galaxy A10 Blauw (BE)	792
832328	Mobiele telefoons	Samsung Galaxy A10 Zwart (BE)	671
832335	laptops	HP Pavilion 13-an0912nd	206
832340	laptops	HP 14-dg0003nd	903
832343	laptops	HP 14-cf1923nd	818
832344	laptops	HP 14-cf0925nd	15
832345	laptops	HP 14-cf1932nd	176
832348	laptops	HP 15-db0939nd	392
832349	laptops	HP 15-db0945nd	485
832350	laptops	HP Pavilion 15-cw1947nd	186
832351	laptops	HP Pavilion 15-cw1948nd	106
832352	laptops	HP 15-dw0954nd	975
832353	laptops	HP 15-dw0957nd	269
832354	laptops	HP Pavilion 15-cs2965nd	81
832357	laptops	HP Pavilion 15-cs2975nd	439
832359	laptops	HP Pavilion Gaming 15-dk0976nd	539
832372	laptops	HP Pavilion Gaming 17-cd0917nd	801
832378	laptops	HP Pavilion x360 14-dh0937nd	230
832422	Koelkasten	Inventum JP010NF	514
832424	laptops	"Apple MacBook Pro 13"" Touch Bar (2019) MV962N/A Space Gray"	486
832429	laptops	"Apple MacBook Pro 15"" Touch Bar (2019) MV902N/A Space Gray"	196
832431	laptops	"Apple MacBook Pro 15"" Touch Bar (2019) MV912N/A Space Gray"	440
832464	laptops	"Apple MacBook Pro 15"" Touch Bar(2019)MV902FN/A Space Gray A"	978
832764	laptops	HP 15-dw0009nb Azerty	772
832775	laptops	HP Pavilion 15-cw1017nb Azerty	300
832776	laptops	HP Pavilion 15-cw1039nb Azerty	229
832831	Ovens	Inventum OVCB60S	359
832896	Oordopjes	JBL Reflect Flow Zwart	254
832915	laptops	Acer Nitro 5 AN515-42-R72M	274
833160	Tablets	Samsung Galaxy Tab A 10.1 (2019) Wifi 64GB Zwart + Case	474
833161	draadloze opladers	Belkin 10W Boost Up Draadloze oplaad Pad met Muurlader Zwart	578
833184	Oordopjes	Sony WF-1000XM3 Zwart	98
833195	Televisies	Philips 43PUS6504	80
833204	laptops	HP Envy x360 13-ag022nb Azerty	389
833235	Printers	Canon i-Sensys MF643Cdw	937
833312	Mobiele telefoons	Xiaomi Mi 9T 64GB Zwart	180
833345	laptops	Asus Zenbook UX434FL-AI017T	936
833346	laptops	Asus Zenbook UX434FL-AI025T	527
833347	laptops	Asus Zenbook UX534FT-AA028T	335
833354	Gaming headsets	ASTRO A40 TR 10TH ANNIVERSARY EDS - RED/BLUE - EMEA	648
833402	Televisies	Philips 50PUS6704	931
833416	Mobiele telefoons	Xiaomi Redmi Note 7 64GB Zwart	24
833425	Mobiele telefoons	Xiaomi Redmi Note 7 64GB Blauw	75
833624	slimme horloges	Polar Ignite Blk/Slr M/L	820
833625	slimme horloges	Polar Ignite Blk/Slr S/M	833
833717	Consoles	Nintendo Switch Rood/Blauw + 35 eShop tegoed	363
833720	Koffieapparaten Espresso Volautomatisch	Jura D4 Piano Black	302
833774	Monitoren	LG 29WL500	914
834035	Mobiele telefoons	Samsung Galaxy Xcover 4s Zwart (NL)	413
834036	Mobiele telefoons	Samsung Galaxy Xcover 4s Zwart (BE)	521
834300	laptops	Asus ZenBook Duo UX581GV-H2001T Azerty	869
834378	Stofzuigers	Dyson V7 Motorhead Origin	130
834415	Televisies	Samsung QE43Q60R - QLED	187
834432	Printers	Canon PIXMA MG3650S	880
834517	Tablets	Samsung Galaxy Tab A 8.0 (2019) 32 GB Wifi Zwart - NL	819
834540	Printers	HP Color LaserJet Pro MFP M479fdw	398
834738	Televisies	LG 32LM6300	628
834752	Hoofdtelefoons	Beats Solo3 Wireless Pop Indigo	822
834754	Hoofdtelefoons	Beats Solo3 Wireless Pop Blue	361
834977	laptops	Lenovo Chromebook C340-11 81TA0008MH	538
834979	laptops	Lenovo Chromebook C340-15 81T90008MH	729
834993	laptops	"Apple MacBook Pro 13"" Touch Bar (2019) MUHQ2N/A Zilver"	732
834994	laptops	"Apple MacBook Pro 13"" Touch Bar (2019) MUHN2N/A Space Gray"	70
834996	laptops	"Apple MacBook Pro 13"" Touch Bar (2019) MUHP2N/A Space Gray"	344
835002	laptops	"Apple MacBook Air 13,3"" (2019) MVFK2N/A Zilver"	257
835003	laptops	"Apple MacBook Air 13,3"" (2019) MVFH2N/A Space Gray"	50
835024	laptops	"Apple MacBook Air 13,3"" (2019) MVFM2N/A Goud"	602
835025	laptops	"Apple MacBook Air 13,3"" (2019) MVFL2N/A Zilver"	303
835026	laptops	"Apple MacBook Air 13,3"" (2019) MVFJ2N/A Space Gray"	501
835048	laptops	"Apple MacBook Air 13,3"" (2019) MVFH2FN/A Space Gray Azerty"	316
835051	laptops	"Apple MacBook Air 13,3"" (2019) MVFJ2FN/A Space Gray Azerty"	857
835080	autonavigatie	Garmin Drive 5 Europa	607
835083	Consoles	Nintendo Switch Lite Grijs	842
835093	elektrische tandenborstels	Oral-b Pro 2500 black	573
835210	Monitoren	AOC U2790PQU	830
835311	Mobiele telefoons	Xiaomi Mi 9T 128GB Zwart	137
835312	Mobiele telefoons	Xiaomi Mi 9T 128GB Blauw	544
835313	Mobiele telefoons	Nokia 8.1 Paars	52
835695	Mobiele telefoons	Samsung Galaxy Note 10 Plus 256GB Zwart - NL 	241
835696	Mobiele telefoons	Samsung Galaxy Note 10 Plus 256GB Zilver - NL	782
835697	Mobiele telefoons	Samsung Galaxy Note 10 Plus 512GB Zwart - NL	516
835706	Tablets	Samsung Galaxy Tab S6 128GB WiFi - Grijs NL	691
835707	Tablets	Samsung Galaxy Tab S6 256GB WiFi - Grijs NL	827
835758	Deurbellen	Ring Video Deurbel 2 + Chime	761
835769	Rookmelders	Nest Protect V2 (Batterij) 5-pack 	277
835778	Televisies	Samsung UE50RU7020	559
835779	Televisies	Samsung UE55RU7020	821
836031	slimme horloges	Samsung Galaxy Watch Active2 Zwart 44 mm Aluminium - BE	906
836055	slimme horloges	Samsung Galaxy Watch Active2 Zwart 44 mm RVS	202
836058	slimme horloges	Samsung Galaxy Watch Active2 Zwart 44 mm Aluminium	25
836059	slimme horloges	Samsung Galaxy Watch Active2 Zilver 44 mm Aluminium	395
836060	slimme horloges	Samsung Galaxy Watch Active2 Rose Goud 40 mm RVS	740
836061	slimme horloges	Samsung Galaxy Watch Active2 Zwart 40 mm RVS	596
836063	slimme horloges	Samsung Galaxy Watch Active2 Rose Goud 40 mm Aluminium	472
836064	slimme horloges	Samsung Galaxy Watch Active2 Zwart 40 mm Aluminium	161
836065	slimme horloges	Samsung Galaxy Watch Active2 Zilver 40 mm Aluminium	592
836077	Wasdrogers	Bosch WTR83V01NL	140
836156	slimme horloges	Garmin Fenix 6 - Zwart - 47 mm	603
836159	slimme horloges	Garmin Fenix 6 PRO - Zwart - 47 mm	848
836160	slimme horloges	Garmin Fenix 6X PRO - Zwart - 51 mm	510
836161	slimme horloges	Garmin Vivoactive 4S - Zilver/Grijs - 40 mm	436
836162	slimme horloges	Garmin Vivoactive 4S - Zwart - 40 mm	29
836163	slimme horloges	Garmin Vivoactive 4S - Rose Goud/Wit - 40 mm	225
836164	slimme horloges	Garmin Vivoactive 4L - Zilver/Donkergrijs - 45 mm	84
836165	slimme horloges	Garmin Vivoactive 4L - Zwart - 45 mm	309
836166	slimme horloges	Garmin Venu - Zilver/Blauw	515
836167	slimme horloges	Garmin Venu - Zwart	57
836168	slimme horloges	Garmin Venu - Rose Goud/Beige	787
836192	Robotstofzuigers	iRobot Roomba s9+	897
836200	singleboardcomputers	Raspberry Pi 4 Model B 4GB	716
836283	slimme horloges	Fitbit Versa 2 Speciale Editie Koper/Blauw 	386
836304	slimme horloges	Fitbit Versa 2 Speciale Editie Donkergrijs	443
836305	slimme horloges	Fitbit Versa 2 Roze	90
836306	slimme horloges	Fitbit Versa 2 Zwart	19
836307	slimme horloges	Fitbit Versa 2 Grijs	371
836369	Rookmelders	Nest Protect V2 Batterij Duo Pack	334
836515	Mobiele telefoons	Motorola One Action Blauw	437
836691	Telefoonhoesjes	Tech21 Pure Apple iPhone XIr Back Cover Transparant	753
836726	Televisies	LG 49UM7400PLB	569
837005	gereedschapskoffers	Makita P-90532 227-delig	924
837044	Racesturen	Logitech G29 Driving Force Xbox/pc + Logitech DF Shifter	683
837046	gimbals	DJI Osmo Mobile 3	751
837047	gimbals	DJI Osmo Mobile 3 Combo	533
837235	Tablets	Starterspakket Samsung Galaxy Tab A 10.5 Grijs	317
837510	Televisies	Samsung QE55Q64R - QLED + Soundbar	377
837567	slimme horloges	Fossil Smartwatches Carlyle Gen 5 Display Smartwatch FTW4024	368
837568	slimme horloges	Fossil Smartwatches Carlyle Gen 5 Display Smartwatch FTW4025	477
837569	slimme horloges	Fossil Smartwatches Carlyle Gen 5 Display Smartwatch FTW4026	473
837723	Wasdrogers	AEG T6DBC482	910
837751	Koffieapparaten Espresso Volautomatisch	Philips 2200 EP2224/19	28
837800	wifi speakers	Sonos Move Zwart	350
837828	Stofzuigers	Philips SpeedPro Max Aqua series 8000 XC8149/01	357
837877	laptops	HP Pavilion 15-cs3975nd	963
837893	Monitoren	MSI Optix MAG241CVMYS	427
837894	Monitoren	MSI Optix MAG271CVMYS	581
838134	Hoofdtelefoons	Sennheiser Momentum 3,0 Wireless Zwart	342
838186	E-readers	Kobo Libra H2O Zwart	417
838252	Consoles	Nintendo Switch (2019 Upgrade) Rood/Blauw	121
838253	Consoles	Nintendo Switch (2019 Upgrade) Grijs	245
838267	Smart lampen	Philips Hue Decoratieve Standaardlamp Warmwit Licht E27 Blue	814
838269	Smart lampen	Philips Hue Decoratieve Globe Warmwit Licht E27 Bluetooth	760
838294	Mobiele telefoons	Apple iPhone 11 Pro 64 GB Zilver	525
838295	Mobiele telefoons	Apple iPhone 11 Pro 64 GB Space Gray	33
838296	Mobiele telefoons	Apple iPhone 11 Pro 64 GB Goud	916
838297	Mobiele telefoons	Apple iPhone 11 Pro 256 GB Zilver	858
838298	Mobiele telefoons	Apple iPhone 11 Pro 256 GB Space Gray	42
838303	Mobiele telefoons	Apple iPhone 11 Pro Max 64 GB Zilver	746
838324	Mobiele telefoons	Apple iPhone 11 Pro Max 64 GB Space Gray	330
838325	Mobiele telefoons	Apple iPhone 11 Pro Max 64 GB Goud	949
838327	Mobiele telefoons	Apple iPhone 11 Pro Max 256 GB Space Gray	103
838334	Mobiele telefoons	Apple iPhone 11 64 GB Wit	97
838335	Mobiele telefoons	Apple iPhone 11 64 GB Zwart	6
838336	Mobiele telefoons	Apple iPhone 11 64 GB Geel	982
838337	Mobiele telefoons	Apple iPhone 11 64 GB Rood	171
838338	Mobiele telefoons	Apple iPhone 11 64 GB Mintgroen	462
838339	Mobiele telefoons	Apple iPhone 11 64 GB Lavendel	366
838340	Mobiele telefoons	Apple iPhone 11 128 GB Wit	295
838341	Mobiele telefoons	Apple iPhone 11 128 GB Zwart	10
838343	Mobiele telefoons	Apple iPhone 11 128 GB Rood	345
838344	Mobiele telefoons	Apple iPhone 11 128 GB Mintgroen	627
838346	Mobiele telefoons	Apple iPhone 11 128 GB Lavendel	612
838349	Mobiele telefoons	Apple iPhone 11 256 GB Zwart	565
838354	Mobiele telefoons	Sony Xperia 5 Zwart	835
838367	slimme horloges	Apple Watch Series 5 40mm Space Gray Aluminium Zwarte Sportb	376
838368	slimme horloges	Apple Watch Series 5 40mm Goud Aluminium Roze Sportband	754
838372	slimme horloges	Apple Watch Series 5 44mm Zilver Aluminium Witte Sportband	797
838374	slimme horloges	Apple Watch Series 5 44mm Space Gray Aluminium Zwarte Sportb	43
838375	slimme horloges	Apple Watch Series 5 44mm Goud Aluminium Roze Sportband	867
838384	slimme horloges	Apple Watch Nike Series 5 44mm Space Gray Aluminium Antracie	873
838387	Mobiele telefoons	Beschermingspakket - Samsung Galaxy A40 64 GB Zwart	364
838391	Mobiele telefoons	"Beschermingspakket - Samsung Galaxy A50 Zwart	"	526
838394	Televisies	Philips 58PUS6203	305
838406	Mobiele telefoons	Beschermingspakket - Samsung Galaxy A70 128 GB Zwart	708
838409	Mobiele telefoons	Beschermingspakket - Samsung Galaxy S10 128 GB Zwart	928
838467	Monitoren	Philips 243V7QDAB Duo Set-up	872
838545	Wasmachines	LG F4WN508S0	608
838573	Mobiele telefoons	Xiaomi Mi A3 64GB Grijs	832
838633	Muizen	Logitech MX Master 3 Draadloze Muis Zwart	261
838638	slimme horloges	Polar Ignite Koper/Roze - Maat S	998
838659	Mobiele telefoons	Beschermingspakket - Samsung Galaxy A40 64 GB Zwart (BE)	545
838660	Mobiele telefoons	Beschermingspakket - Samsung Galaxy A50 Zwart (BE)	540
838661	Mobiele telefoons	Beschermingspakket - Samsung Galaxy A70 128 GB Zwart (BE)	529
838731	Tablets	Samsung Galaxy Tab A 10.1 (2019) Wifi 32 GB Zwart + Just in 	563
838910	Mobiele telefoons	Nokia 6.2 - zwart	238
838957	Mobiele telefoons	Nokia 7.2 - groen	354
838968	Mobiele telefoons	Nokia 7.2 - charcoal grijs	86
838981	laptops	Asus ZenBook UX534FTC-AA052T	896
839024	Action camera's	GoPro HERO 8 Black	266
839128	Mobiele telefoons	Apple iPhone 11 Pro 64 GB Midnight Green	64
839129	Mobiele telefoons	Apple iPhone 11 Pro 256 GB Midnight Green	96
839131	Mobiele telefoons	Apple iPhone 11 Pro Max 64 GB Midnight Green	310
839132	Mobiele telefoons	Apple iPhone 11 Pro Max 256 GB Midnight Green	349
839134	Tablets	Apple iPad 10,2 inch (2019) 32 GB Wifi Space Gray	63
839137	Tablets	Apple iPad 10,2 inch (2019) 32 GB Wifi Zilver	425
839139	Tablets	Apple iPad 10,2 inch (2019) 32 GB Wifi Goud	410
839141	Tablets	Apple iPad 10,2 inch (2019) 128 GB Wifi Space Gray	99
839143	Tablets	Apple iPad 10,2 inch (2019) 128 GB Wifi Zilver	980
839157	Consoles	Microsoft Xbox One S All-Digital Edition (1TB) + 3 games & V	885
839172	Telefoonhoesjes	Apple iPhone 11 Silicone Back Cover Zwart	974
839180	Telefoonhoesjes	Apple iPhone 11 Pro Leather Back Cover Zwart	995
839322	Mobiele telefoons	Apple iPhone 8 128GB Space Gray	293
839323	Mobiele telefoons	Apple iPhone 8 128GB Zilver	783
839464	Mobiele telefoons	Xiaomi Mi 9T Pro 64GB Zwart	942
839465	Mobiele telefoons	Xiaomi Mi 9T Pro 128GB Zwart	213
839617	Televisies	Philips 65OLED754	768
839651	Televisies	Philips 55OLED754	567
839791	Mobiele telefoons	OnePlus 7T 128GB Grijs	102
839792	Mobiele telefoons	OnePlus 7T 128GB Blauw	93
839793	Mobiele telefoons	OnePlus 7T Pro 256GB Blauw	69
839972	Stofzuigers	Dyson V8 Motorhead	739
839979	slimme horloges	Fitbit Versa 2 Bordeaux/Copper Rose	217
839992	Consoles	Nintendo Switch (2019 Upgrade) Grijs Mario Kart Bundel	497
839993	Consoles	Nintendo Switch (2019 Upgrade) Rood/Blauw Mario Kart Bundel	327
839998	Consoles	Nintendo Switch Lite Grijs - Startpakket	986
